AMOUNT,WALLET,TITLE,EMAIL,COMMENT
0.1,3dUkYworYstcd1p91PTUPUYLqV7VgJyQri6xybRuKwkA,1,dushan@streamflow.finance,1
0.1,y9ptUGPjYXesub59gLwy2baXBWAbJDHiXLyUzsTA3pY,2,,2
0.1,8CXHjjsMBde6LZADNfzHbKjqtNnNU1vmbZoviopVaei5,3,,3
0.1,8tYvDWKGq1SytFivJeXdDkCL74paimJ4y6pqKQ8htD3w,4,,4
0.1,4UkBBKACA4tyjNyBffPRHfbAyTbD3aZtXQtw11FwKRPr,5,,5
0.1,Gcu5k1X5SjZDE9anQXDrR3DznF1BBCQW5xGFPV3FszQB,6,,6
0.1,6R2o5Gpouf4c4vrW6BFdrNSML3Ve5DG9eVJeL299dw4j,7,,7
0.1,BpdsoCucJy8z6iWaGSETBmeF11DvS8mepMymZr3Qf83E,8,,8
0.1,EYwydSKzs6Yw4am1swfb77tHML6yiBbC4Nfe81SVEqeX,9,,9
0.1,HotafUpjhsNm17RZm1jFGNiSeLYeDx4ci1kXVBYNwQWU,10,dusandev87@gmail.com,10
0.1,EGmReKd3NUBt7aoJD7AzaHmVqQwTEntfyNwD6kapR5Xt,11,,11
0.1,7w1gBVKr6JAia4GFn4QreMmfVPS2cGoJeB5Q3JSVcTQ9,12,,12
0.1,Av4icyRaUte4CzR16ktcAdAXamk1kzNnivqWYV51FmgT,13,,13
0.1,F4WnYS8c9bsRttDgxHQPqtE15CZLN1hDoufEs5MrvoTN,14,,14
0.1,EQmVjNUfPYU3k5EqXofzd5aBqHd1ww69Lo7UQqs2agFN,15,,15
0.1,7e7ehZy1tYw4rtgpxmVd4dtKbKN9LMpaq37cb8nCv8Wq,16,,16
0.1,GdLRgdjGAiDL8nctxp2ZydQKaoQr36e3LZBiUdsa5sGU,17,,17
0.1,DRiqryJDutQydc1yVWmoGyTsjUsX4fyZ3bvDFJ1pw6BK,18,,18
0.1,9764L34rFUL7CMCd6VsAhsAA4qoHSZiKJ7dXGekKuESC,19,,19
0.1,649QiSRrZ2eXZKszDrhsALurRJe6TL9PNDf5t198d8KG,20,,20
0.1,3gZzKcKrcSN8DFpg9wQu2P9ZJSteuXWuWQEQpg1VGxvf,21,,21
0.1,C2ujWbq3tDXUkjYNJSYEW2X7bheqP4rXAzt1K75AhMyu,22,,22
0.1,8yL9zUqySNahg7kNQKxcM1SorATYMpXtPksrP4K1mdm7,23,,23
0.1,8tMf246vfMAPeks55VZ86C44EKJoSqerndAZhSnHb5WS,24,,24
0.1,7TpdgQ6XXuTnpPkpUufjUE3WjyEU1zsFRPEMtX2AjLpW,25,,25
0.1,GtefrPhNAmWwNud8N4qS9CtXN6Bv6RmrSTtd6W9nmteq,26,,26
0.1,9CKcWAeGpTSUCJ2BF5KyAEkNCkjbeQ6onvpW6k7EvQ1S,27,,27
0.1,eWUrfxf9A61SFU1CCV3GDF1MsNRfog5TKcYuejKp1VS,28,,28
0.1,HWzoTxHHLRU9TvCUjMSBZto3DuopKCa5nYpWm64dxkCv,29,,29
0.1,7Qo7QKSL8uBWMazgzXdNkwUB7i9wje9LxSDL8qb7Dm25,30,,30
0.1,BEXEscUNYXNbgGkb8ju6GSb3ZWuyMAYBuHMWtf65sP1T,31,,31
0.1,GgmtfLFH4CvPm39bFEGVzTrkPz3K2ojN6iRudzSvHiAP,32,,32
0.1,3EwuG6hkP1S2aC5md1MKduc1VePRLEvBphmkefGd8csp,33,,33
0.1,HCtjtqfydvjLyQJWTe9SZ5rPyN4A2VwhZawLKzL1h1S3,34,,34
0.1,2qpUsrK2iyroKdz934WyNQ8kiKcV3XodwMMrefWyiAaS,35,,35
0.1,ApV7NusRubYFHonDdZgx9DyqyZNjRgg1m5LEZPcPJMks,36,,36
0.1,GrVFzsmAuM8ZdpAMH8pgme3vS41nqV7XMMq1MoVPrrSZ,37,,37
0.1,AC9qqYh64rEQXQikWij6DJsdXwKh8UkGN6SiRJYCUFnv,38,,38
0.1,EXUJFf2QSa9gFUkjkduX16Br4KxVv86UTzDqkup9NDcd,39,,39
0.1,BJx49ts8NBG35Wp3xkwsDoddAAvvzRfv3D6Z2LwuJvw,40,,40
0.1,3izPiumtpSD2K1e9BFYCSPUhNJXHc4WpwYxcMRcMiYoC,41,,41
0.1,6Vghq4DForsnJdFtrXzJRu21WfL4PvDB4ENsvbrqu5Ne,42,,42
0.1,HG4sYqvkTfgBvGgZZhYfws4f8BoytTr1NmcDEwkKC2z8,43,,43
0.1,9q4xRT5pWyoPbikbuhPgpNyig84eejXkYBjBDTpatJYu,44,,44
0.1,4dNf9TWTdzGg5rdkeTxzdvY8QUNcbZiXvkuzhgN7gAcn,45,,45
0.1,6eVP7v63hbWTS6pd2Lhaposx1U6edpEEprpcvXoEdJD,46,,46
0.1,AZqzUh6ZCKihQrhF1Z1CPTNQ95N1c9oNdrbDUCN4PTpD,47,,47
0.1,986Sd6oGsmPFfUriFBtAq9nN99xVruKsQ7Ya8vJjTjtM,48,,48
0.1,C3kmRMtTagTuDis9iR9J2cwU1ptgCDveTsUCyDH6kgcF,49,,49
0.1,3rS2NWn54PdD92boRHJ6N35TAmiKt1dEVmcUPzQRzYJU,50,,50
0.1,eSwWGMc8WgMZDakQqB5pweKj8J7ii3P4fZp9DmrZfYo,51,,51
0.1,DWYfXY68PBK1PCLhyfNTJuqSpwVvWm8pb5uCd6h9oGD1,52,,52
0.1,FD7FVUbY6p9hn4cZ6nLq1Bu8m93LWN3GtjoymSmqAFFQ,53,,53
0.1,DKKqCD8ZEwy9cydJE8HAwgoYxmt52APPcZFMXL6zs3P8,54,,54
0.1,qBLx1E6Su3qpQBRtSSaMnwyL9qbu5tVpE7r93FQLxzt,55,,55
0.1,CrBEYqMZFoM5G1vhKmFPEAmu4d9T6aGRuHrF58ZcLRta,56,,56
0.1,6HPZsF89erjS5aDqvTz2d29Dm8FMdxmjphtzevnieQCq,57,,57
0.1,CESTew8buQeJWitC9hAZoZ4HVzLPAfuSKqpy49vF2qRN,58,,58
0.1,9t8XvbagEdAFJNYmE3gHEnMGCKB7hgvcoZJwUs1uqxUJ,59,,59
0.1,Fn4KUC5sbNXE2KPyhJ63dF46RzA7CaHTZzNjjPGrtuSt,60,,60
0.1,4ebueuMwbXkS73AjHc8MDvxmRnCYAvKmNdeSKwPa1zjL,61,,61
0.1,B7RgbTtmyypmtoovL43TaUbjj1JUBmzuKAWqLimwpce3,62,,62
0.1,CjsXjnjjAaGwqvV4NqhHwwXcNBLu3kfSEgwJbgSqRREn,63,,63
0.1,DaYDwyoTwVkEGoUCAS9RQRYyP5rckedfvE1RzZQcpQP1,64,,64
0.1,HNidkD75ktU94ChptTDBeCcimKUzxb5t1jmFENPnAxJT,65,,65
0.1,DV5LQ4sjJyRZGyVa1JTuLuUP5Hho7KAKh7B3VhHERhtT,66,,66
0.1,94nn4ekQ6GVYx5xqStrSM3dikQyRWQ6264m1ry6LT4BF,67,,67
0.1,43tZ5nRsq4kZkoP7yuSK2gZKi2kHZVyLKv7g5NxqmKXm,68,,68
0.1,EdnrsX8VpdSoJ9FjsKTmV9i55R6wWc1pH8c79cEjMj1v,69,,69
0.1,sCMp6mEeY74RBc7ftbkJSM9Gto9c2mBq8DEMA4WRvWt,70,,70
0.1,HPk7PUsYXrdAaP2nJZBaaCbW1HzwTaQFmTEB3DmdjNeh,71,,71
0.1,Dp24haRTfPSsNkP3hiVDd7xSaoaP8w8AY1bL7qpxHjPC,72,,72
0.1,9qkdmcbzR2fXdGS2xNCUKbFqzFFcVCGd26JchgrS9YP5,73,,73
0.1,4oCAzhsqZMQ5cLhrdDGDXoCw8w3L7LQbmuCk7HfAPF2u,74,,74
0.1,5oGqP1NGu3qKNMwH4bEQ4d3wfBdPrXJLNHnBrovvYDsr,75,,75
0.1,B8Ddvi1YztycRZX6ErxafhgCfDHF46t9oY4cDSNtKPiA,76,,76
0.1,94Z73zQx3hvnUJEQaQrDaMF6q9iBJmMC4wH4Knx2QdcQ,77,,77
0.1,oK3Rq92wbGnQwdby3iPdtp8uzY73QfUFzHp9WBfCrGS,78,,78
0.1,4FsappGmPUGssDKvn5pPwzV74mTntjJkiNvF7rymgMLA,79,,79
0.1,JDDrxcoFyrvCbPVTfUzo3Y8BxCtrEwnSVjP8fkWib8s5,80,,80
0.1,2a2BMzYkFdgrTCFW55XTG6hLB3onSJ7ZrQPwiSDCMnYV,81,,81
0.1,8eWogL6k25xy4jrHqYFaMBAHpp3Xm4um6sriC87zahsn,82,,82
0.1,64bwRsU8BNUXnzzTtCAbUkRRKcyXyCkYfg3QZX5beaoN,83,,83
0.1,4LFerW4cfJhLgRhzE7tjziFNcPsS1rHm9iqNNh4sBmkV,84,,84
0.1,8dtMnKwHF45Mzpofk3ntMfyzQezJ3pmG4CDpEAdaA9N3,85,,85
0.1,47KLeLEaBhmMK9Wo3MQpNbU3RTUeuHv5rN55dvcf3CHe,86,,86
0.1,AXQ1sCcEwbWqcxvnxSfKZAssoqqazmiz67PvLPsDCMBv,87,,87
0.1,FwkzA7664dmudWGc7YgawJb4MJaHj1eFh9wR27Wz7Wgb,88,,88
0.1,EhGcqZY6XJrraj24SPVQDj5HQ9nkHaGx46ua7USDyeD3,89,,89
0.1,HasEcUF1bfZjpuZJpF9PfJMwz4TrvWjUoZT9tFw25CFn,90,,90
0.1,AJwdYgnWqLjUqdyTQPHYepZjnjhCEhSZrH1DvLYhdaVq,91,,91
0.1,6tiX1Wu8XbFum2BPd4dmQMBg5VMsgozZbbczmF6zYRFB,92,,92
0.1,41iApx7hxqgwCiq584WXbrdoy5tE2QxbaJTKAoCNCFRQ,93,,93
0.1,4PCcA9ATuNraUGMg7P7tCR3VtWm6uRZwV23hZcM9Ntbu,94,,94
0.1,EKEWwPyZyeKhdXM252foRBVAw1hPBitQfP9FXJvqmpfN,95,,95
0.1,5wUfA3Pak8rSeSKSajNfz7uX9uXzwymF6ZWcng2NSDvm,96,,96
0.1,6V2v8PeD7nj7NmbaxQU5Gb1A4JCAVhoRc6nsfxDfBksH,97,,97
0.1,2sesLHze3nraw7tPbiTjheX84WMK5cqhA8cNS2S5joi9,98,,98
0.1,HBbopikW8TFs31YGQZbWFVZ1ts2hva8DPFbfrVL6UJgk,99,,99
0.1,FWnZ1FyqQUJixJ5A7xXNXUM8818EQ1KvVJYUzo3beh3V,100,,100